Dataset,Accuracy,ROC_AUC,PR_AUC,F1,MCC,Recall@1%,Precision,Recall,Specificity,ValThr
CreditCard,0.9986657927999626,0.990678882315067,0.7820056779489978,0.6850828729281768,0.6961530758743327,0.9054054054054054,0.5794392523364486,0.8378378378378378,0.9989448508722566,0.99
